{"4.41": [{"id": 2, "points_3d": [[0, 0, 0], [-2308.1980988785094, -1124.827172962533, 6994.157876601721], [-417.6145840902129, 60.82885596443829, 902.4692229295132], [0, 0, 0], [-2266.7778946019253, -1144.4416029576228, 6906.781055143192], [0, 0, 0], [0, 0, 0], [0, 0, 0], [0, 0, 0]], "camera_ID": [0, 1], "detections": []}], "4.51": [{"id": 2, "points_3d": [[-1703.7709042012762, -1580.9851489989883, 4783.402797191596], [1300.4804775872235, 90.97310960679984, -2393.9157045515026], [-556.9771990550064, 34.701448280452325, 898.1666199771423], [1115.4972824783763, 100.34348762662098, -2261.030831670737], [1424.4856483767066, 93.61887398818074, -2529.7572611185155], [0, 0, 0], [0, 0, 0], [0, 0, 0], [0, 0, 0]], "camera_ID": [0], "detections": []}], "4.52": [{"id": 2, "points_3d": [[-510.7652797887462, -765.631222340829, 1939.6953650751466], [1720.2933323096104, 442.13400224809675, -3608.366741387086], [-839.6744247735495, 21.117462323402968, 1330.9078941538837], [1198.7211241606842, 458.39704288688347, -3186.1808768483884], [-374.7930955856059, 277.153835484813, 1356.8559574571123], [0, 0, 0], [0, 0, 0], [0, 0, 0], [0, 0, 0]], "camera_ID": [1], "detections": []}], "4.62": [{"id": 2, "points_3d": [[-507.9835342095704, -764.4505720887487, 1902.3891586086963], [1345.6129168100513, 100.0734504302607, -2487.4037799358757], [-804.8101794318799, 43.47870314262014, 1207.9341353311697], [1113.4249927721037, 104.37684667306765, -2281.8956344067346], [-384.57259223056127, 272.6599672773118, 1274.3237727131311], [0, 0, 0], [0, 0, 0], [0, 0, 0], [0, 0, 0]], "camera_ID": [0], "detections": []}], "4.63": [{"id": 2, "points_3d": [[-508.203738140595, -763.9346739587286, 1903.6278744723043], [1735.0465685189963, 425.5519274118992, -3618.0473289439615], [-802.0966115918936, 45.44127620214822, 1204.30138798627], [1165.1733149796032, 451.57340110895774, -3152.383687353661], [-381.96061774112974, 280.4470330610651, 1271.2816666351653], [0, 0, 0], [0, 0, 0], [0, 0, 0], [0, 0, 0]], "camera_ID": [1], "detections": []}], "4.73": [{"id": 2, "points_3d": [[-512.7145512833982, -771.0019093963315, 1753.3802356768995], [1309.6834686824727, 116.31012163324209, -2536.919924125198], [-779.0029531878557, 93.92255706790955, 1025.4770073049383], [1087.2434571809906, 121.51883019389854, -2349.240192471002], [-408.61460542298215, 273.2700263674544, 1033.9760786126812], [0, 0, 0], [0, 0, 0], [0, 0, 0], [0, 0, 0]], "camera_ID": [0], "detections": []}], "4.74": [{"id": 2, "points_3d": [[-492.75932489765177, -741.9744792967042, 1722.3542973325596], [1525.9329797233909, 413.8994421304057, -3444.759268330125], [-858.0590797387393, 90.3208404246494, 1135.0858271611057], [1009.6412826605299, 429.70646146298145, -3004.2044344657957], [-454.2221855978013, 281.8242077480025, 1118.0783442561576], [0, 0, 0], [0, 0, 0], [0, 0, 0], [0, 0, 0]], "camera_ID": [1], "detections": []}], "4.84": [{"id": 2, "points_3d": [[-502.0614353949989, -780.2762459337091, 1671.2563696770908], [1297.888241996289, 155.0845617760528, -2712.9802683282596], [-846.709566522012, 113.70254175117104, 1079.6926555748587], [1028.488184513763, 143.78726358107278, -2405.850040688836], [-460.8728140884064, 295.8457001596204, 962.186699829105], [0, 0, 0], [0, 0, 0], [0, 0, 0], [0, 0, 0]], "camera_ID": [0], "detections": []}], "4.85": [{"id": 2, "points_3d": [[-460.0371817589407, -741.967457026268, 1585.198664407341], [-493.4211405476258, 146.56787001788823, 2638.5044736273676], [-898.4140631266863, 119.28803515216106, 1151.6525001086823], [39.25377226991289, 214.61419476160918, 2275.7313842216545], [-547.7589931008835, 309.73054394803563, 1109.9020598922004], [0, 0, 0], [0, 0, 0], [0, 0, 0], [0, 0, 0]], "camera_ID": [1], "detections": []}], "4.96": [{"id": 2, "points_3d": [[-451.09184670788665, -795.8362946530968, 1715.6177230958162], [-545.5916623306615, 23.468671794929143, 3335.090028578819], [-880.4390098620686, 141.28219251676788, 1138.304080284876], [99.06229720116559, 100.22736103431886, 2773.482566297275], [-543.3499743194606, 321.22664196952866, 1121.5351498213795], [0, 0, 0], [0, 0, 0], [0, 0, 0], [0, 0, 0]], "camera_ID": [0], "detections": []}], "4.97": [{"id": 2, "points_3d": [[-448.86631796579417, -792.6383373225534, 1711.7422449203525], [-322.7600811767651, 62.85959055216007, 2616.3932087615804], [-876.0979910158661, 145.65311137527368, 1133.2525134465789], [193.41107674885765, 141.89508581164745, 2365.844835791337], [-579.3570669707606, 327.8749890830996, 1183.3996760480143], [0, 0, 0], [0, 0, 0], [0, 0, 0], [0, 0, 0]], "camera_ID": [1], "detections": []}], "5.07": [{"id": 2, "points_3d": [[-443.3233983617251, -829.7374507271116, 1805.6325531229272], [-349.5886889556528, 20.816799384958095, 2641.4512173968], [-866.8215443405932, 155.9091760213342, 1135.8651037756918], [175.22337570380242, 84.01121482915799, 2366.553471647386], [-577.6027630824643, 331.37851241463267, 1227.7083870396566], [0, 0, 0], [0, 0, 0], [0, 0, 0], [0, 0, 0]], "camera_ID": [0], "detections": []}], "5.08": [{"id": 2, "points_3d": [[-433.2374563931372, -824.6494754751074, 1780.4314918117973], [-194.42442890329698, 38.54654602107074, 2125.4664380940885], [-895.0557178541061, 158.4420161976117, 1175.3816482149878], [252.3077847214145, 102.61789364916663, 1944.3085020764834], [-575.78291685733, 334.0045042616951, 1225.2290191819004], [0, 0, 0], [0, 0, 0], [0, 0, 0], [0, 0, 0]], "camera_ID": [1], "detections": []}], "5.17": [{"id": 2, "points_3d": [[-1775.7438962312935, -1927.1993838169458, 5602.644120885191], [-183.47691845648137, 49.508898720916996, 2163.4943057281143], [-897.858598198627, 177.67560246759334, 1317.186733679205], [265.3861913919119, 67.71604266191528, 2014.603255269029], [-565.8817222614726, 351.5900310323645, 1582.8265129664424], [0, 0, 0], [0, 0, 0], [0, 0, 0], [0, 0, 0]], "camera_ID": [0], "detections": []}], "5.18": [{"id": 2, "points_3d": [[-1664.8655575061175, -1888.8412345051445, 5255.0251823849285], [-179.76368211773078, 47.08704522576126, 2148.93406558855], [-904.6066631215327, 179.06075430297736, 1327.3321032043277], [271.1352832390842, 61.292918412122454, 1960.0584099492912], [-481.354023814377, 341.4566387292777, 1413.1132624447512], [0, 0, 0], [0, 0, 0], [0, 0, 0], [0, 0, 0]], "camera_ID": [1], "detections": []}], "5.27": [{"id": 2, "points_3d": [[-2503.4237277485404, -2712.6308153499645, 8597.491747528542], [-191.1928439500116, 88.40336090195483, 2008.6993180765926], [-939.8230170746585, 194.3508738396043, 1732.5106875805998], [208.3331334282374, 130.48302359766635, 1724.8588490521508], [-453.0886187201658, 334.73315453519973, 2102.5347371188304], [0, 0, 0], [0, 0, 0], [0, 0, 0], [0, 0, 0]], "camera_ID": [0], "detections": []}], "5.28": [{"id": 2, "points_3d": [[-374.2086008902392, -842.690748717989, 3015.7107687633334], [-111.35969267664953, 69.97538954600459, 1748.2807618070094], [-943.7031232519479, 196.41438973801303, 1737.0757185755597], [-150.7253232434933, -19.46388150404213, 3676.635527843729], [-453.37165468759775, 342.17221976837726, 2095.8164049067564], [0, 0, 0], [0, 0, 0], [0, 0, 0], [0, 0, 0]], "camera_ID": [1], "detections": []}], "5.38": [{"id": 2, "points_3d": [[-302.9377692917493, -870.3541932498426, 3081.398520116927], [-132.300823872318, 112.2169514192178, 1717.69134902248], [-981.1587222931021, 216.92078739464475, 1794.52770900076], [-18748.113009614957, -2242.482494104368, 25312.273891576453], [-455.0212511045065, 410.4648050521784, 2061.211292034441], [0, 0, 0], [0, 0, 0], [0, 0, 0], [0, 0, 0]], "camera_ID": [0, 1], "detections": []}], "5.48": [{"id": 2, "points_3d": [[-390.53870180022676, -975.3164489662737, 3233.2416469662285], [-172.37584843264807, 192.71067775170093, 1597.233148851507], [1511.525855692783, 131.10536478778008, -2800.4465103047264], [-363.7166983352245, 255.91500923633382, 3784.656548277156], [1073.7065271940423, 142.91187043651894, -2444.686278755931], [0, 0, 0], [0, 0, 0], [0, 0, 0], [0, 0, 0]], "camera_ID": [0], "detections": []}], "5.49": [{"id": 2,