{"4.3": [{"id": 1, "points_3d": [[-602.5814108993264, -743.1979083654244, 2312.9712769268167], [-1048.5390654071207, 190.4568151628293, 2906.5301740429804], [-489.97297775619165, -56.2062433813423, 1337.4975112188013], [-4666.425908236211, -2663.435482328829, 17639.724983455882], [-190.38494145381398, 260.06270921913756, 1595.5070315951432], [0, 0, 0], [0, 0, 0], [0, 0, 0], [0, 0, 0]], "camera_ID": [0, 1], "detections": []}], "4.4": [{"id": 1, "points_3d": [[-748.1368274162066, -1133.9469432211624, 4180.758791716601], [-17321.770478454728, -6415.896805518543, 104320.85496823447], [-1704.328516861092, -297.78660819105295, 6811.184438933455], [1291.5768550064001, 240.93119692092287, -3075.3865691973265], [-210.69773227241802, -212.52740201361618, 3458.646873296931], [869.3432693950876, 89.26331764728069, -1866.1695160092693], [932.4051711827615, 78.40974204077982, -1865.8673976718808], [-1172.789415677463, -778.7936522287723, 1337.9715801276266], [-1172.789415677463, -778.7936522287723, 1337.9715801276266]], "camera_ID": [0], "detections": []}], "4.41": [{"id": 1, "points_3d": [[-645.2735783969708, -1083.9169114847991, 3713.67662476757], [-1110.702727247975, -516.6994200352204, 10417.131026119667], [-1040.579061306803, -462.2043454402007, 4982.778653154479], [-451.8871563838864, -47.74044665557163, 3972.3489872077057], [-198.94979294503125, -263.0344560014525, 4775.717073914421], [869.3432693950876, 89.26331764728069, -1866.1695160092693], [932.4051711827615, 78.40974204077982, -1865.8673976718808], [-1172.789415677463, -778.7936522287723, 1337.9715801276266], [-1172.789415677463, -778.7936522287723, 1337.9715801276266]], "camera_ID": [1], "detections": []}], "4.51": [{"id": 1, "points_3d": [[-729.2280795272446, -1151.1865689118354, 4229.355580887094], [-1149.5779442465748, -560.9509315950512, 10313.57095708649], [-218677.02659612233, -42689.94398008903, 714695.8635308269], [-509.2512327371956, -91.11728792130064, 3672.1674252011953], [-313.0066155951684, -249.88080847408935, 3951.0440065588427], [861.501841150905, 90.26649660926803, -1860.9213377076708], [930.5235424856842, 78.65731612086897, -1864.834181187778], [-1172.7894156775903, -778.7936522288398, 1337.9715801277791], [-1172.7894156775903, -778.7936522288398, 1337.9715801277791]], "camera_ID": [0], "detections": []}], "4.52": [{"id": 1, "points_3d": [[-735.0125066588442, -1170.4574554270798, 4319.348766896633], [-108.71565233514191, -194.78614663622795, 4131.2266374873625], [-229041.8781267333, -44715.90079051458, 748584.3189168578], [-478.81115422982515, -105.11455442094169, 3468.971218875642], [-318.80595319164127, -274.22316350925985, 4065.9384560494627], [860.760084425104, 90.36139191648304, -1860.4248884088709], [930.3455505819065, 78.68073529060713, -1864.736444493336], [-1172.7894156776024, -778.7936522288462, 1337.9715801277935], [-1172.7894156776024, -778.7936522288462, 1337.9715801277935]], "camera_ID": [1], "detections": []}], "4.62": [{"id": 1, "points_3d": [[15535.043341088209, 12742.333671379516, -54341.68409988362], [-104.46181634668261, -191.01842123256054, 4147.660342591989], [1329.8202999141345, 207.45586618725488, -2972.9847502570365], [-473.4391998312218, -94.70886408604753, 3464.819647156608], [1202.0390333508026, 297.7491805684911, -3212.759650362416], [859.0658916346804, 90.71837338615592, -1861.3927518291853], [930.8616615053355, 78.64341720556727, -1865.4463661759924], [-1172.789415677463, -778.7936522287723, 1337.9715801276266], [-1172.789415677463, -778.7936522287723, 1337.9715801276266]], "camera_ID": [0], "detections": []}], "4.63": [{"id": 1, "points_3d": [[15941.764113092446, 13081.7865008993, -55766.07613678782], [-105.23227111429851, -192.58283766792243, 4147.70700033755], [-2492.0895469163825, -539.2772403018313, 9535.274737238502], [-478.8287297806679, -105.93934822181053, 3473.774092678578], [1235.2564626222652, 298.2201225404983, -3334.8604118002413], [858.5466201411409, 90.79029824399846, -1861.1275307161832], [930.773195185849, 78.65625519991536, -1865.4144945061066], [-1172.7894156774648, -778.7936522287733, 1337.9715801276288], [-1172.7894156774648, -778.7936522287733, 1337.9715801276288]], "camera_ID": [1], "detections": []}], "4.73": [{"id": 1, "points_3d": [[10949.465621361893, 9291.925866275558, -39461.99864918387], [-107.86009664844914, -198.00351340224634, 4148.597688875131], [1386.7413409418411, 225.22829244600757, -3099.808236390461], [-475.18411505730137, -95.546025108333, 3443.926617399535], [1186.8884756859286, 292.8402551065213, -3179.9642284578404], [842.572946821919, 93.56411971466628, -1861.2616510890234], [925.4887656587547, 79.47174180440459, -1864.1652260369033], [-1172.789415677463, -778.7936522287723, 1337.9715801276266], [-1172.789415677463, -778.7936522287723, 1337.9715801276266]], "camera_ID": [0], "detections": []}], "4.74": [{"id": 1, "points_3d": [[11382.22683231968, 9663.842243182631, -41020.21619961293], [-90.08633785874507, -185.37270166133615, 4073.903221358509], [1422.9093363559512, 231.81847263600145, -3192.479387586154], [-476.3110800291139, -81.18762366324617, 3473.3175115216427], [1230.1135357689782, 301.6731421812855, -3367.637649911679], [841.8804217853185, 93.67360017633595, -1861.1086414179247], [925.3292304171152, 79.4964705996033, -1864.1292559305905], [-1172.789415677462, -778.7936522287719, 1337.9715801276254], [-1172.789415677462, -778.7936522287719, 1337.9715801276254]], "camera_ID": [1], "detections": []}], "4.84": [{"id": 1, "points_3d": [[7374.081842922842, 6573.162093150939, -27788.152304435374], [-66.22468641310486, -185.74247330740945, 4234.066536519979], [1347.5387547237633, 218.25584736670933, -3034.593273975339], [-468.4743363007135, -71.3795921573605, 3471.4704272658482], [1162.0456551751556, 295.26886367020734, -3165.7135716575376], [838.1695958319458, 94.07861411305437, -1857.2897021515698], [924.3312411510623, 79.04957385214986, -1855.1098516408301], [-1172.7894156775903, -778.7936522288398, 1337.9715801277791], [-1172.7894156775903, -778.7936522288398, 1337.9715801277791]], "camera_ID": [0], "detections": []}], "4.85": [{"id": 1, "points_3d": [[7669.392011334561, 6836.1131848014475, -28883.746113638557], [-70.17125714809181, -187.3644676942957, 4258.145832457012], [2317.793848785955, 407.3695060755707, -6182.975362956891], [-255.34709192480577, -43.639142623674815, 2682.3422055481183], [1199.5275403308844, 304.5326981667225, -3335.001815501182], [837.4199352970918, 94.19845247107466, -1857.1395629690169], [924.139132501838, 79.07171736683324, -1854.9547454477754], [-1172.7894156775908, -778.7936522288401, 1337.9715801277796], [-1172.7894156775908, -778.7936522288401, 1337.9715801277796]], "camera_ID": [1], "detections": []}], "4.96": [{"id": 1, "points_3d": [[5599.4075687371305, 5280.188859505335, -22141.70212614528], [-24.15278372201492, -215.0842803334652, 4668.869005381602], [1291.0842236982016, 221.36653570419546, -3002.4798239143065], [-225.54049329895344, -65.07511502621009, 2973.4817823392027], [1130.7719571921475, 303.24234522368545, -3170.6060944365167], [836.1143209793505, 81.00536491488786, -1828.178969113905], [916.4471015519802, 67.47326343300828, -1828.433586435558], [-1181.220352764974, -789.5003925621301, 1347.2376884791884], [-1181.220352764974, -789.5003925621301, 1347.2376884791884]], "camera_ID": [0], "detections": []}]}