{"44.02": [{"id": 0, "points_3d": [[382.74375668824956, 127.72680845004047, 1951.1408249164238], [303.29284633439835, 335.2332392415168, 2362.2691893083274], [-3.5193849593702056, 228.06593917519973, 2216.6349252553723], [-245.93047722690437, 702.9436553546873, 2234.4875585655095], [-330.60496257471095, 1162.3857135902344, 2072.457462206667], [622.0594026246899, 465.6851967937129, 2505.7842022456007], [561.9865137101211, 1047.262776892776, 2712.571297073901], [431.56570932325076, 1432.797945844258, 2458.2463339314136], [-186.38540492018856, 1173.3572459641564, 2221.7552614809283], [-380.30487664411424, 1812.4640694906532, 2155.6273123819947], [0, 0, 0], [163.1816314240161, 1343.4854952216829, 2371.8171900890793], [-85.01942920212745, 2027.6644194145936, 2522.752551507193], [0, 0, 0], [326.5605126689842, 41.559277784757306, 1964.0441527336218], [464.0493120976857, 60.786224911297545, 1935.2392644095332], [229.75494842938878, -17.71747181050754, 2096.9509202471827], [0, 0, 0]], "camera_ID": [0, 1], "detections": [], "timestamps_2d": [43.69, 44.02], "confidences": {"0": 